12372;Дляноворожденных34;Влажные салфетки Yokosun 120шт 1/18;186.0
11878;Дляноворожденных34;Подгузники YokoSun Premium NB (0-5кг) 36шт 1/8;695.0
7619;Дляноворожденных34;Влажные салфетки 80*8 Moony (япония) 1/4;2030.0
7618;Дляноворожденных34;Влажные салфетки 80*3 Moony (япония) 1/8;815.0
7617;Дляноворожденных34;Влажные салфетки 60*8 Moony (япония) 1/4;1865.0
7592;Дляноворожденных34;Подгузники MOONY S 4-8 кг 24 шт*8 New;586.0
6899;Дляноворожденных34;Бумажные салфетки MOMI Family LUX двухсл.220шт 1/60;156.0
6404;Дляноворожденных34;Детские влажные салфетки MOMI 70шт 1/24;190.0
6232;Дляноворожденных34;Подгузники YokoSun разм.NB (2-5кг) 34шт 1/8;525.0
4736;Дляноворожденных34;Ватные диски  AURA  80шт 1/35;66.0
4131;Дляноворожденных34;Ватные диски  AURA  15Ошт 1/35;118.0
2528;Дляноворожденных34;Бумажные гигиенические салфетки дет. YokoSun  200шт 1/40;140.0
1881;Дляноворожденных34;Пеленки однораз. Yokosun 50*50 10шт 1/8;320.0
1880;Дляноворожденных34;Влажные салфетки YokoSun ECO 100шт 1/24;115.0
1875;Дляноворожденных34;Подгузники YokoSun Premium S (3-6кг) 72шт 1/4;1379.0
1872;Дляноворожденных34;Ватные диски  LURE  80шт 1/24;57.0
1819;Дляноворожденных34;Влажные салфетки Yokosun 18шт 1/64;54.0
1787;Дляноворожденных34;Вкладыши однораз. для бюстгалтера 30шт 1/24;219.0
1747;Дляноворожденных34;Пеленки YokoSun 60*90 10шт 1/8;359.0
1742;Дляноворожденных34;Трусики универсальные MOONYMAN S 4-8 кг 62 шт*3;1499.0
1493;Дляноворожденных34;Ватные диски  AURA  12Ошт 1/35;99.0
1489;Дляноворожденных34;Ватные палочки  Я Самая  200шт 1/36;94.0
1456;Дляноворожденных34;Трусики универсальные MOONYMAN SM 5-10 кг 58 шт*3;1499.0
1300;Дляноворожденных34;Влажные салфетки детск. MOMI Family 80шт 1/24;173.0
1192;Дляноворожденных34;Влажные салфетки детские  Yokosun  64шт 1/24;125.0
268;Дляноворожденных34;Подгузники MOONY S 4-8 кг 81 шт*3;1499.0
267;Дляноворожденных34;Подгузники MOONY NB до 5 кг 90 шт*3;1499.0
240;Дляноворожденных34;Подгузники  YokoSun  S (до 6 кг) 26шт 1/8;505.0
236;Дляноворожденных34;Подгузники  YokoSun  S (до 6 кг) 82шт 1/4;1149.0
