11748;Длязубов55;Зубная щетка Аквафреш 1/12 Инбитвин средняя;189.0
11737;Длязубов55;Зубная паста Blend-a-med 3D Комплекс 7 ополаскиватель экстра свежесть 100мл 1/12;251.0
11725;Длязубов55;Зубная щетка Колгейт Классика здоровья средняя 1/72;97.0
11319;Длязубов55;Oral_В Зубная щетка Био 40 средняя 1 шт;118.0
8251;Длязубов55;Зубная паста Colgate 100 мл 1/48 Прополис отбеливающая;163.0
8225;Длязубов55;Зубная паста Colgate 100 мл 1/48 Лечебные травы. Отбеливание;163.0
8180;Длязубов55;Зубная паста Blend-a-med Травяной сбор 100 мл 1/24;149.0
8093;Длязубов55;Зубная паста Blend-a-med 100 мл Кора Дуба 1/24 1/12;151.0
7797;Длязубов55;Ополаскиватель д/рта Колгейт Плакс 250мл 1/12 Свежесть чая;188.0
7584;Длязубов55;Зубная паста Colgate 100 мл 1/48 Двойная мята;163.0
6978;Длязубов55;Зубная паста Аквафреш 50 мл 1/12 Сплэш клубника/мята (6-8лет);223.0
6867;Длязубов55;Детская зубная паста LION KIDS SAFE (от 3х-12 лет) 90гр 1/40 со вкусом винограда;228.0
6866;Длязубов55;Детская зубная паста LION KIDS SAFE (от 3х-12 лет) 90гр 1/40 со вкусом клубники;228.0
6785;Длязубов55;Ополаскиватель д/п рта Extra Aloe 370мл 1/12 Альпийские травы;86.0
5375;Длязубов55;Зубная щетка Аквафреш 1/12 Мои молочные зубки (3-5лет);247.0
5374;Длязубов55;Зубная щетка Аквафреш 1/12 Мои большие зубки (6+лет);247.0
5373;Длязубов55;Зубная паста Аквафреш 50 мл 1/12 Мои молочные зубки (от3 до 5лет);232.0
5372;Длязубов55;Зубная паста Аквафреш 50 мл 1/12 Мои большие зубки (6+лет);232.0
4298;Длязубов55;Зубная паста Аквафреш 100 мл 1/12 Мягко-мятная зеленая;203.0
4297;Длязубов55;Зубная паста Аквафреш 100 мл 1/12 Сияющая белизна;225.0
4296;Длязубов55;Зубная паста Аквафреш 100 мл 1/12 Освежающе-мятная синяя;225.0
3371;Длязубов55;Зубная щетка Oral-B 1-2-3 Чистота свежесть даже между зубов 40 средняя 1шт;91.0
3363;Длязубов55;Зубная щетка Oral-B 3D White Отбеливание 40 средняя 1шт;257.0
2651;Длязубов55;Зубная паста Аквафреш TOTAL 100 мл 1/12 Активное отбеливание;223.0
2633;Длязубов55;Зубная паста Colgate 100 мл 1/48 Прополис свежая мята;163.0
1576;Длязубов55;Зубная паста Colgate 100 мл 1/48 Лечебные травы;163.0
