12996;КофеКакао112;Жардин кофе 75гр 1/12 м/у Кения Килиманджаро;367.0
12995;КофеКакао112;Жардин кофе 75гр 1/12 м/у Гватемала;367.0
12993;КофеКакао112;Напит.коф.раств.MacCoffe 3в1 Original 20гр 1 шт;21.0
12831;КофеКакао112;Кофе  JACOBS  Монарх пакет 1/9 130гр;448.0
9812;КофеКакао112;Кофе Нескафе классик 230 гр ж/б 1/6;500.0
9804;КофеКакао112;Напиток кофейный раствр. MacCoffe Cappuccino di Torino 1 шт;36.0
9799;КофеКакао112;кофе Максим 75 гр. пакет 1/12;277.0
9798;КофеКакао112;Кофе Якобс Монарх 120гр. 4 в 1 Шоколад 1/24/10;14.0
9796;КофеКакао112;Кофе Якобс Монарх 120гр. 3 в 1 Карамель 1/24;14.0
9795;КофеКакао112;Кофе Максим Ориджинал 12гр 1/24/10;12.0
9789;КофеКакао112;Кофе Максим 150 гр. 1/12;496.0
9788;КофеКакао112;кофе  JACOBS  Монарх ст/б 1/12 475гр Интенсив;236.0
9782;КофеКакао112;Кофе Максим 500 гр. 1/6;1447.0
9779;КофеКакао112;кофе  JACOBS  Монарх пакет 1/6 500гр;1622.0
9774;КофеКакао112;Кофе  3 в 1  MacCoffe Original м/уп 20гр*10пак 1/25;200.0
9773;КофеКакао112;кофе  JACOBS  Монарх пакет 1/9 150гр ESTD 1895;461.0
9772;КофеКакао112;Кофе  JACOBS  Монарх пакет 1/12 75гр;266.0
9762;КофеКакао112;Кофе Максим 300 гр. 1/9;985.0
9751;КофеКакао112;Кофе Якобс Монарх 135гр. 3 в 1 Мягкий 1/24/10;13.0
9750;КофеКакао112;Кофе Максим 50гр. 1/18;194.0
9749;КофеКакао112;кофе  JACOBS  Монарх ст/б 1/6 95гр Crema;385.0
9746;КофеКакао112;Шоколадный напиток Несквик 250гр 1/24 Спарта;436.0
9737;КофеКакао112;Напиток кофейный раствр. MacCoffe Cappuccino di Torino 25.5гр*20пак м/уп 1/20;415.0
9733;КофеКакао112;Кофе Пеле 50 гр ж/б 1/24;211.0
