12885;Масло29;Масло сливочное  Крестьянское  из-за гор Алтая ТМ 725% 180гр 1/20;200.0
12605;Масло29;Масло подсл.раф.дез. УЧУГЭЙ 080л 1/15;149.0
12446;Масло29;Масло Оливковое Оливиссимо 025л 1/12 E.V. базилик сб;342.0
12445;Масло29;Масло Оливковое Оливиссимо 025л 1/12 E.V. лимон сб;342.0
8213;Масло29;Масло Оливковое Оливиссимо 05л 1/12 PURE раф сб;555.0
8211;Масло29;Масло Оливковое Оливиссимо 05л 1/12 E.V. н/раф сб;499.0
7052;Масло29;Масло подсолн.раф.дезод.в/с выморож. Слобода 08л 1/15;150.0
3968;Масло29;Масло подсолн.нераф.1/с выморож. Слобода 1л 1/15;253.0
3963;Масло29;Масло подсолн.раф.дезод. в/с выморож. Слобода 1л 1/15;224.0
2753;Масло29;;0.0
