11702;Мыло43;Мыло PALMOLIVE Роскошь масел с маслом Макадамии 90гр 1/6;78.0
11700;Мыло43;Жидкое мыло  PALMOLIVE  Алтайские травы Натюрель 300мл 1/12;166.0
11698;Мыло43;Мыло туалетное Palmolive Роскошь Масел с маслом Миндаля и Камелия 90 г 1/6 1/72;78.0
8048;Мыло43;Safeguard мыло тул.Natural Detox С Экст.Угля бамб/ан/эф 110г;113.0
8046;Мыло43;Safeguard мыло тул. Natural Detox C Экст.Чайного дерева 110*3;311.0
8045;Мыло43;Safeguard мыло тул. Natural Detox C Экст.Угля бамбука 110*3;311.0
8044;Мыло43;Safeguard мыло тул. Natural Detox C Экст.Морских водор.110г;113.0
8042;Мыло43;Safeguard мыло тул. Natural Detox C Экст.Чайного дерев.110г;113.0
7871;Мыло43;Мыло косметическое Palmolive Ощущение нежности с экстрактами молока и розы 90 г 1/6;78.0
7870;Мыло43;Мыло косметическое Palmolive Мицеллярный уход с нежным ароматом хлопка 90 г 1/72 1/6;78.0
7732;Мыло43;Крем-мыло DOVE Кокос 100гр 1/48;80.0
6929;Мыло43;Крем-мыло  FA  90гр 1/40 Тайна масел Розовый Жасмин;64.0
6917;Мыло43;Жидкое крем-мыло  Fa  Запасной блок Йогурт Миндаль 500мл+Спрей для рук  Fa  1/6 Чистота и Свежесть;210.0
6873;Мыло43;Мыло пенное д/рук с антиб.эф. LION AL-KEKUTE 250мл 1/18 с ароматом персика;334.0
6871;Мыло43;Мыло пенное д/рук с антиб.эф. LION AL-KEKUTE 250мл 1/18 для чувств. кожи;334.0
4495;Мыло43;Мыло Safequard 90гр с Ромашкой 1/72;57.0
4445;Мыло43;Мыло жидкое Safeguard Цветочный аромат 225мл 1/12;150.0
4434;Мыло43;Мыло Safeguard 90гр Взрыв розового 1/72;57.0
3340;Мыло43;Мыло туалетное SAFEGUARD Нежный уход с Алоэ 90г 1/72;57.0
1226;Мыло43;Мыло PALMOLIVE Натурэль Освежающее летний арбуз 1/6;78.0
1222;Мыло43;Мыло PALMOLIVE Натурэль Баланс и Мягкость с экстр ромашки и вит Е 90гр 1/6;78.0
1221;Мыло43;Мыло PALMOLIVE Натурэль Цветок вишни нежность и комфорт 90гр 1/6;78.0
