12653;Садыпридонья13;Сок Сады Придонья Зеленое Яблоко с 4 мес 200 мл 1/27;31.0
12652;Садыпридонья13;Сок яблочно-сливовый Сады Придонья 200мл 1/27;31.0
12651;Садыпридонья13;Сок яблочный Сады Придонья с ананасом с 6 мес 200 мл 1/27;31.0
12650;Садыпридонья13;Сок яблочный Сады Придонья с мякотью прямой отжим с 4 мес 200 мл 1/27;31.0
8085;Садыпридонья13;Сок из яблок и ежевики осветл.восст. 125гр 1/18 Сады Придонья;25.0
7858;Садыпридонья13;Сок яблочно-вишневый осветл.восст. 125гр 1/18 Сады Придонья;25.0
7857;Садыпридонья13;Сок яблочно-персиковый с мякотью восст. 125гр 1/18 Сады Придонья;25.0
7148;Садыпридонья13;Сок яблочно-грушевый с мякотью восст. 125гр 1/18 Сады Придонья;25.0
7147;Садыпридонья13;Сок из яблок и клюквы осветл.восст. 125гр 1/18 Сады Придонья;25.0
6827;Садыпридонья13;Сок яблочно-банановый с мякотью восст. 125гр 1/18 Сады Придонья;25.0
