9724;СокиЛюбимыйСад48;Любимый сад 193л томат 1/6;219.0
9722;СокиЛюбимыйСад48;Любимый сад 095л томат сок 1/12;105.0
9716;СокиЛюбимыйСад48;Любимый сад 193л яблоко/ч/рябина/гранат 1/6;219.0
9715;СокиЛюбимыйСад48;Любимый сад 02л ябл-черн.ряб-клуб-земл. 1/27;36.0
9714;СокиЛюбимыйСад48;Любимый сад 095л абрикос/груша/яблоко 1/12;105.0
9713;СокиЛюбимыйСад48;Любимый сад 095л вишня/яблоко/черешня 1/12;105.0
9707;СокиЛюбимыйСад48;Любимый сад 193л виноград-яблоко 1/6;219.0
9704;СокиЛюбимыйСад48;Любимый сад 095л персик/яблоко 1/12;105.0
9697;СокиЛюбимыйСад48;Любимый сад 095л яблоко 1/12;105.0
9690;СокиЛюбимыйСад48;Любимый сад 095л виноградный дуэт 1/12;105.0
9688;СокиЛюбимыйСад48;Любимый сад 095л яблоко-гранат-ч.рябина 1/12;105.0
9687;СокиЛюбимыйСад48;Любимый сад 02л персик-яблоко 1/27;36.0
9682;СокиЛюбимыйСад48;Любимый сад 193л яблоко/ч/рябина/землян нектар 1/6;219.0
9681;СокиЛюбимыйСад48;Любимый сад 095л яблоко-груша-банан-киви 1/12;105.0
9679;СокиЛюбимыйСад48;Любимый сад 193л апельсин/манго/мандарин 1/6;219.0
9678;СокиЛюбимыйСад48;Любимый сад 02л апельсин/манго/мандарин 1/27;36.0
9677;СокиЛюбимыйСад48;Любимый сад 095л Тропический микс 1/12;105.0
9676;СокиЛюбимыйСад48;Любимый сад 02л яблоко-вишня-черешня 1/27;36.0
9675;СокиЛюбимыйСад48;Любимый сад 193л абрикос-яблоко груша 1/6;219.0
9672;СокиЛюбимыйСад48;Любимый сад 193л яблоко 1/6;219.0
9670;СокиЛюбимыйСад48;Любимый сад 095л апельсин-манго-мандарин 1/12;105.0
9669;СокиЛюбимыйСад48;Любимый сад 193л Тропический микс 1/6;151.0
9661;СокиЛюбимыйСад48;Любимый сад 095л Земляничное лето 1/12;105.0
9655;СокиЛюбимыйСад48;Любимый сад 095л яблоко-клубника-рябина 1/12;105.0
9654;СокиЛюбимыйСад48;Любимый сад 02л Тропический микс 1/27;36.0
9650;СокиЛюбимыйСад48;Любимый сад 02л яблоко 1/27;36.0
