12653;СокиВодаДетская34;Сок Сады Придонья Зеленое Яблоко с 4 мес 200 мл 1/27;31.0
12652;СокиВодаДетская34;Сок яблочно-сливовый Сады Придонья 200мл 1/27;31.0
12651;СокиВодаДетская34;Сок яблочный Сады Придонья с ананасом с 6 мес 200 мл 1/27;31.0
12650;СокиВодаДетская34;Сок яблочный Сады Придонья с мякотью прямой отжим с 4 мес 200 мл 1/27;31.0
9595;СокиВодаДетская34;Вода  Святой Источник  1л ПЭТ негаз. 1/6 Детская вода Светлячок;48.0
9553;СокиВодаДетская34;Вода  Святой Источник  5л ПЭТ негаз. 1/2 Светлячок;198.0
9552;СокиВодаДетская34;Вода  Святой Источник  15л ПЭТ негаз. 1/6 Детская вода Светлячок;64.0
9547;СокиВодаДетская34;Вода  Святой Источник  033л ПЭТ негаз. 1/12 Светлячок;46.0
9546;СокиВодаДетская34;Вода  Святой Источник  033л ПЭТ негаз. 1/12 Спортик;69.0
9535;СокиВодаДетская34;Вода  Святой Источник  0.5л пэт негаз. Спортик 1/12;53.0
8085;СокиВодаДетская34;Сок из яблок и ежевики осветл.восст. 125гр 1/18 Сады Придонья;25.0
7858;СокиВодаДетская34;Сок яблочно-вишневый осветл.восст. 125гр 1/18 Сады Придонья;25.0
7857;СокиВодаДетская34;Сок яблочно-персиковый с мякотью восст. 125гр 1/18 Сады Придонья;25.0
7148;СокиВодаДетская34;Сок яблочно-грушевый с мякотью восст. 125гр 1/18 Сады Придонья;25.0
7147;СокиВодаДетская34;Сок из яблок и клюквы осветл.восст. 125гр 1/18 Сады Придонья;25.0
6827;СокиВодаДетская34;Сок яблочно-банановый с мякотью восст. 125гр 1/18 Сады Придонья;25.0
519;СокиВодаДетская34;Сок Яблочный осветл.тетрпак. 02 1/18  Бабушкино Лукошко;36.0
518;СокиВодаДетская34;Сок Яблочно-Грушевый осветл.тетрпак. 02 1/18  Бабушкино Лукошко;36.0
517;СокиВодаДетская34;Сок Яблочно-Виноградный осветл.тетрпак. 02 1/18  Бабушкино Лукошко;34.0
477;СокиВодаДетская34;Сок Яблочный с мякотью 02 1/18  Бабушкино Лукошко;36.0
469;СокиВодаДетская34;Сок Яблочно-Банановый с мякотью тет.пак 02 1/18  Бабушкино Лукошко;36.0
424;СокиВодаДетская34;Сок Яблочно-Шиповниковый осветл.тетрпак. 02 1/18  Бабушкино Лукошко;36.0
423;СокиВодаДетская34;Сок Яблочно-Вишневый осветл.тетрпак. 02 1/18  Бабушкино Лукошко;36.0
