12551;Трусики42;Подгузники-трусики детские TokiBABY Light L 42шт 1/4;999.0
12550;Трусики42;Подгузники-трусики детские TokiBABY Light M 48шт 1/4;999.0
12549;Трусики42;Подгузники-трусики детские TokiBABY XL 36шт 1/4;1399.0
12548;Трусики42;Подгузники-трусики детские TokiBABY L 42шт 1/4;1399.0
12547;Трусики42;Подгузники-трусики детские TokiBABY M 48шт 1/4;1399.0
12546;Трусики42;Подгузники-трусики детские TokiBABY XXL 32шт 1/4;1399.0
12545;Трусики42;Подгузники-трусики детские TokiBABY Light XXL 32шт 1/4;999.0
12544;Трусики42;Подгузники-трусики детские TokiBABY Light XL 36шт 1/4;999.0
12499;Трусики42;Подгузники-трусики YOSHIOKI Ultra Thin New+Stiker ХХL 15+ кг 36 шт 1/4;1066.0
12498;Трусики42;Подгузники-трусики YOSHIOKI Ultra Thin New+Stiker ХL-38 12+ кг 38 шт 1/4;1066.0
12497;Трусики42;Подгузники-трусики YOSHIOKI Ultra Thin New+Stiker L-44 9-14 кг 44 шт 1/4;1066.0
12496;Трусики42;Подгузники-трусики YOSHIOKI Medium Plus+Stiker new ХL-38 12+кг 38 шт 1/4;999.0
12495;Трусики42;Подгузники-трусики YOSHIOKI Medium Plus+Stiker new L 9-14кг -44 44 шт 1/4;942.0
8117;Трусики42;Подгузники-трусики YourSun M 44 шт 1/4;1165.0
7623;Трусики42;Подгузники - трусики YokoSun Premium ХL (12-20кг) 38шт 1/4;1379.0
7622;Трусики42;Подгузники - трусики YokoSun Premium L (9-14кг) 44шт 1/4;1379.0
7585;Трусики42;Трусики универсальные MOONY M 6-12 кг 58 шт*3;1499.0
3677;Трусики42;Подгузники-трусики MOMI Premium XXL (от 15 кг) 26шт 1/4;1139.0
3663;Трусики42;Подгузники - трусики YokoSun Premium М (6-10кг) 56шт 1/4;1379.0
2609;Трусики42;Подгузники - трусики  YokoSun  ECO XL (12-20кг) 10шт 1/16;349.0
2608;Трусики42;Подгузники - трусики  YokoSun  ECO L (9-14кг) 12шт 1/16;349.0
2607;Трусики42;Подгузники - трусики  YokoSun  ECO M (6-10кг) 14шт 1/16;349.0
2606;Трусики42;Подгузники - трусики YokoSun ECO XXXL (20-30кг) 24шт 1/4;999.0
2541;Трусики42;Трусики для девочек MOONYMAN ХХL 13-28 кг 26 шт 1/3 NEW;1499.0
2540;Трусики42;Трусики для мальчиков MOONYMAN ХХL 13-28 кг 26 шт 1/3 NEW;1499.0
2533;Трусики42;Подгузники - трусики YokoSun ECO XXL (15-23кг) 32шт 1/4;999.0
2532;Трусики42;Подгузники - трусики YokoSun ECO M (6-10кг) 48шт 1/4;999.0
2523;Трусики42;Подгузники -трусики ECO  YokoSun  XL (12-20 кг) 38шт 1/4;999.0
2522;Трусики42;Подгузники трусики YokoSun ECO размер L(9-14кг) 44шт 1/4;999.0
1758;Трусики42;Трусики для девочек MOONYMAN L 9-14 кг 44 шт*4 NEW;1499.0
1742;Трусики42;Трусики универсальные MOONYMAN S 4-8 кг 62 шт*3;1499.0
1456;Трусики42;Трусики универсальные MOONYMAN SM 5-10 кг 58 шт*3;1499.0
277;Трусики42;Трусики MOMI М 6-10 кг 44 шт*4;849.0
273;Трусики42;Трусики для девочек MOONYMAN ХL 12-22 кг 38 шт*4;1499.0
247;Трусики42;Подгузники - трусики  YokoSun  XL (12-20 кг) 16шт 1/8;505.0
246;Трусики42;Подгузники - трусики  YokoSun  L (9-14кг) 18шт 1/8;505.0
244;Трусики42;Подгузники -трусики  YokoSun  XL (12-20 кг) 38шт 1/4;1149.0
243;Трусики42;Подгузники - трусики  YokoSun  M (6-10кг) 58шт 1/3;1149.0
239;Трусики42;Подгузники - трусики  YokoSun  XXL (15-23 кг) 28шт 1/4;1149.0
238;Трусики42;;0.0
