6884;химияLIONSandokkaebi13;Средство д/стирки Sandokkaebi Wool 500гр 1/20 д/деликат.тканейшерстишелка;130.0
6883;химияLIONSandokkaebi13;Кондиционер д/белья Sandokkaebi Soft Aroma 2100мл 1/6 Фрезия;279.0
6881;химияLIONSandokkaebi13;Жидкое ср-во д/стирки LION BEAT DUST FREE д/ручн 1500мл 1/8;399.0
6880;химияLIONSandokkaebi13;Жидкое ср-во д/стирки LION BEAT DUST FREE д/авт 1500мл 1/8;399.0
6877;химияLIONSandokkaebi13;Средство д/посуды детское концентр. LION CHAMGREEN 450мл 1/20 Розмарин;349.0
6876;химияLIONSandokkaebi13;Средство д/посуды детское концентр. LION CHAMGREEN 860мл 1/10 Розмарин;389.0
6875;химияLIONSandokkaebi13;Средство д/посуды детское концентр. LION CHAMGREEN 860мл 1/10 Гранат;389.0
6874;химияLIONSandokkaebi13;Средство д/посуды детское концентр. LION CHAMGREEN 450мл 1/20 Гранат;349.0
6873;химияLIONSandokkaebi13;Мыло пенное д/рук с антиб.эф. LION AL-KEKUTE 250мл 1/18 с ароматом персика;334.0
6871;химияLIONSandokkaebi13;Мыло пенное д/рук с антиб.эф. LION AL-KEKUTE 250мл 1/18 для чувств. кожи;334.0
6867;химияLIONSandokkaebi13;Детская зубная паста LION KIDS SAFE (от 3х-12 лет) 90гр 1/40 со вкусом винограда;228.0
6866;химияLIONSandokkaebi13;Детская зубная паста LION KIDS SAFE (от 3х-12 лет) 90гр 1/40 со вкусом клубники;228.0
