12919;Энергетическиенапитки46;Адреналин Джуси Апельсин ж/б 0449 л. 1/6;193.0
12154;Энергетическиенапитки46;Монстр энерджи БЛЭК 0449л ж/б 1/12 Ультра Санрайз;176.0
10208;Энергетическиенапитки46;Напиток Gorilla mint 045л ж/б 1/24 б/алк (со вкусом мяты);102.0
10206;Энергетическиенапитки46;Напиток Gorilla Pomegranate 045л ж/б 1/24 б/алк (C соком граната);97.0
10202;Энергетическиенапитки46;Напиток Gorilla 045л ж/б 1/24 б/алк;97.0
10200;Энергетическиенапитки46;Адреналин Раш БАН 0449 л. 1/6 1/12;134.0
10195;Энергетическиенапитки46;Берн Темная энергия 0449 ж/б 1/12;193.0
10189;Энергетическиенапитки46;Напиток Рэд Булл б/а тонизирующий 025 ж/б 1/24;86.0
10188;Энергетическиенапитки46;Напиток Gorilla 0275л ст/б 1/24 б/алк Манго Кокос;97.0
10187;Энергетическиенапитки46;Напиток Gorilla Mango Coconut 045л ж/б 1/24 б/алк (Манго Кокос);97.0
10186;Энергетическиенапитки46;Напиток Gorilla 0275л ст/б 1/24 б/алк;53.0
10183;Энергетическиенапитки46;Монстр энерджи БЛЭК 0449л ж/б 1/12 Манго Локо;176.0
10178;Энергетическиенапитки46;Напиток Рэд Булл б/а тонизирующий 0355 ж/б 1/24;125.0
10177;Энергетическиенапитки46;Берн энергетический напиток ориг. 0449 ж/б 1/12;192.0
10176;Энергетическиенапитки46;Монстр энерджи БЛЭК 0449л ж/б 1/12 Зелёный;176.0
10175;Энергетическиенапитки46;Монстр энерджи БЛЭК 0449л ж/б 1/12 Док Желтый;176.0
10174;Энергетическиенапитки46;Монстр энерджи БЛЭК 0449л ж/б 1/12 Белый;176.0
10168;Энергетическиенапитки46;;0.0
